ID,y,x
0,43.5821495,1.4838052
1,43.5916351,1.441504
2,43.5791205,1.3931689
3,43.6213505,1.4258422
4,43.5528745,1.4500236
5,43.6015398,1.439697
6,43.5939603,1.4092755
7,43.5695498,1.4106602
8,43.6426614,1.4458653
9,43.5835562,1.4887287
10,43.6061094,1.4679726
11,43.5639149,1.4904526
12,43.5796567,1.4199675
13,43.6662083,1.4324047
14,43.5816294,1.418668